"LibraryName", "LibraryPath", "LibraryPathGeneric", "ExecutableName", "ExecutablePath", "ExecutablePathGeneric", "Type"
"avdevice-54.dll","C:\Program Files\AnyMP4 Studio\AnyMP4 Blu-ray Creator\avdevice-54.dll","%PROGRAMFILES%\AnyMP4 Studio\AnyMP4 Blu-ray Creator\avdevice-54.dll","AnyMP4 Blu-ray Creator.exe","C:\Program Files\AnyMP4 Studio\AnyMP4 Blu-ray Creator\AnyMP4 Blu-ray Creator.exe","%PROGRAMFILES%\AnyMP4 Studio\AnyMP4 Blu-ray Creator\AnyMP4 Blu-ray Creator.exe","Sideloading"
"tosbtkbd.dll","C:\Program Files\Toshiba\Bluetooth Toshiba Stack\tosbtkbd.dll","%PROGRAMFILES%\Toshiba\Bluetooth Toshiba Stack\tosbtkbd.dll","TosBtKbd.exe","C:\Program Files\Toshiba\Bluetooth Toshiba Stack\TosBtKbd.exe","%PROGRAMFILES%\Toshiba\Bluetooth Toshiba Stack\TosBtKbd.exe","Sideloading"
"libxfont-1.dll","C:\Program Files\Mobatek\MobaXterm Personal Edition\libxfont-1.dll","%PROGRAMFILES%\Mobatek\MobaXterm Personal Edition\libxfont-1.dll","MobaXterm.exe","C:\Program Files\Mobatek\MobaXterm Personal Edition\MobaXterm.exe","%PROGRAMFILES%\Mobatek\MobaXterm Personal Edition\MobaXterm.exe","Sideloading"
"libxfont-1.dll","C:\Program Files\Mobatek\MobaXterm Personal Edition\libxfont-1.dll","%PROGRAMFILES%\Mobatek\MobaXterm Personal Edition\libxfont-1.dll","MobaXterm.exe","C:\Program Files\Mobatek\MobaXterm\MobaXterm.exe","%PROGRAMFILES%\Mobatek\MobaXterm\MobaXterm.exe","Sideloading"
"libxfont-1.dll","C:\Program Files\Mobatek\MobaXterm\libxfont-1.dll","%PROGRAMFILES%\Mobatek\MobaXterm\libxfont-1.dll","MobaXterm.exe","C:\Program Files\Mobatek\MobaXterm Personal Edition\MobaXterm.exe","%PROGRAMFILES%\Mobatek\MobaXterm Personal Edition\MobaXterm.exe","Sideloading"
"libxfont-1.dll","C:\Program Files\Mobatek\MobaXterm\libxfont-1.dll","%PROGRAMFILES%\Mobatek\MobaXterm\libxfont-1.dll","MobaXterm.exe","C:\Program Files\Mobatek\MobaXterm\MobaXterm.exe","%PROGRAMFILES%\Mobatek\MobaXterm\MobaXterm.exe","Sideloading"
"avutil.dll","C:\Program Files\VSO\ConvertX\7\avutil.dll","%PROGRAMFILES%\VSO\ConvertX\7\avutil.dll","ConvertXToDVD.exe","C:\Program Files\VSO\ConvertX\7\ConvertXToDVD.exe","%PROGRAMFILES%\VSO\ConvertX\7\ConvertXToDVD.exe","Sideloading"
"avutil.dll","C:\Program Files\VSO\convertXtoDVD\avutil.dll","%PROGRAMFILES%\VSO\convertXtoDVD\avutil.dll","ConvertXToDVD.exe","C:\Program Files\VSO\ConvertX\7\ConvertXToDVD.exe","%PROGRAMFILES%\VSO\ConvertX\7\ConvertXToDVD.exe","Sideloading"
"avutil.dll","C:\Program Files\Common Files\Oracle\Java\javapath\avutil.dll","%PROGRAMFILES%\Common Files\Oracle\Java\javapath\avutil.dll","ConvertXToDVD.exe","C:\Program Files\VSO\ConvertX\7\ConvertXToDVD.exe","%PROGRAMFILES%\VSO\ConvertX\7\ConvertXToDVD.exe","Sideloading"
"vstdlib_s64.dll","C:\Program Files\Steam\vstdlib_s64.dll","%PROGRAMFILES%\Steam\vstdlib_s64.dll","steamerrorreporter64.exe","C:\Program Files\Steam\steamerrorreporter64.exe","%PROGRAMFILES%\Steam\steamerrorreporter64.exe","Sideloading"
"register.dll","C:\Program Files\IObit\Driver Booster\%VERSION%\register.dll","%PROGRAMFILES%\IObit\Driver Booster\%VERSION%\register.dll","DriverBooster.exe","C:\Program Files\IObit\Driver Booster\%VERSION%\DriverBooster.exe","%PROGRAMFILES%\IObit\Driver Booster\%VERSION%\DriverBooster.exe","Sideloading"
"corefoundation.dll","C:\Program Files\Common Files\Apple\Apple Application Support\corefoundation.dll","%PROGRAMFILES%\Common Files\Apple\Apple Application Support\corefoundation.dll","ituneshelper.exe","C:\Program Files\iTunes\ituneshelper.exe","%PROGRAMFILES%\iTunes\ituneshelper.exe","Sideloading"
"corefoundation.dll","C:\Program Files\Common Files\Apple\Apple Application Support\corefoundation.dll","%PROGRAMFILES%\Common Files\Apple\Apple Application Support\corefoundation.dll","QuickTimePlayer.exe","C:\Program Files\QuickTime\QuickTimePlayer.exe","%PROGRAMFILES%\QuickTime\QuickTimePlayer.exe","Sideloading"
"corefoundation.dll","C:\Windows\System32\corefoundation.dll","%SYSTEM32%\corefoundation.dll","ituneshelper.exe","C:\Program Files\iTunes\ituneshelper.exe","%PROGRAMFILES%\iTunes\ituneshelper.exe","Sideloading"
"corefoundation.dll","C:\Windows\System32\corefoundation.dll","%SYSTEM32%\corefoundation.dll","QuickTimePlayer.exe","C:\Program Files\QuickTime\QuickTimePlayer.exe","%PROGRAMFILES%\QuickTime\QuickTimePlayer.exe","Sideloading"
"python310.dll","C:\Program Files\Python310\python310.dll","%PROGRAMFILES%\Python310\python310.dll","pythonw.exe","","","Sideloading"
"python310.dll","C:\Program Files\Python310\python310.dll","%PROGRAMFILES%\Python310\python310.dll","dwagent.exe","","","Sideloading"
"python310.dll","C:\Users\<User>\AppData\Local\Temp\%VERSION%\python310.dll","%LOCALAPPDATA%\Temp\%VERSION%\python310.dll","pythonw.exe","","","Sideloading"
"python310.dll","C:\Users\<User>\AppData\Local\Temp\%VERSION%\python310.dll","%LOCALAPPDATA%\Temp\%VERSION%\python310.dll","dwagent.exe","","","Sideloading"
"python310.dll","C:\Program Files\DWAgent\runtime\python310.dll","%PROGRAMFILES%\DWAgent\runtime\python310.dll","pythonw.exe","","","Sideloading"
"python310.dll","C:\Program Files\DWAgent\runtime\python310.dll","%PROGRAMFILES%\DWAgent\runtime\python310.dll","dwagent.exe","","","Sideloading"
"python310.dll","C:\Users\<User>\anaconda3\python310.dll","%USERPROFILE%\anaconda3\python310.dll","pythonw.exe","","","Sideloading"
"python310.dll","C:\Users\<User>\anaconda3\python310.dll","%USERPROFILE%\anaconda3\python310.dll","dwagent.exe","","","Sideloading"
"python39.dll","C:\Program Files\Python39\python39.dll","%PROGRAMFILES%\Python39\python39.dll","python39.exe","","","Sideloading"
"python39.dll","C:\Users\<User>\AppData\Local\Temp\%VERSION%\python39.dll","%LOCALAPPDATA%\Temp\%VERSION%\python39.dll","python39.exe","","","Sideloading"
"python39.dll","C:\Program Files\Microsoft Visual Studio\2022\Community\Common7\IDE\CommonExtensions\Microsoft\VC\SecurityIssueAnalysis\python\python39.dll","%PROGRAMFILES%\Microsoft Visual Studio\2022\Community\Common7\IDE\CommonExtensions\Microsoft\VC\SecurityIssueAnalysis\python\python39.dll","python39.exe","","","Sideloading"
"python39.dll","C:\Users\<User>\anaconda3\python39.dll","%USERPROFILE%\anaconda3\python39.dll","python39.exe","","","Sideloading"
"python311.dll","C:\Program Files\Python311\python311.dll","%PROGRAMFILES%\Python311\python311.dll","pythonw.exe","","","Sideloading"
"python311.dll","C:\Users\<User>\AppData\Local\Programs\Python\Python311\python311.dll","%LOCALAPPDATA%\Programs\Python\Python311\python311.dll","pythonw.exe","","","Sideloading"
"goopdate.dll","C:\Program Files\Dropbox\Update\goopdate.dll","%PROGRAMFILES%\Dropbox\Update\goopdate.dll","DropboxUpdate.exe","","","Sideloading"
"goopdate.dll","C:\Program Files\Dropbox\Update\goopdate.dll","%PROGRAMFILES%\Dropbox\Update\goopdate.dll","DropboxCrashHandler.exe","","","Sideloading"
"goopdate.dll","C:\Program Files\Dropbox\Update\%VERSION%\goopdate.dll","%PROGRAMFILES%\Dropbox\Update\%VERSION%\goopdate.dll","DropboxUpdate.exe","","","Sideloading"
"goopdate.dll","C:\Program Files\Dropbox\Update\%VERSION%\goopdate.dll","%PROGRAMFILES%\Dropbox\Update\%VERSION%\goopdate.dll","DropboxCrashHandler.exe","","","Sideloading"
"goopdate.dll","C:\Users\<User>\AppData\Local\DropboxUpdate\Update\goopdate.dll","%LOCALAPPDATA%\DropboxUpdate\Update\goopdate.dll","DropboxUpdate.exe","","","Sideloading"
"goopdate.dll","C:\Users\<User>\AppData\Local\DropboxUpdate\Update\goopdate.dll","%LOCALAPPDATA%\DropboxUpdate\Update\goopdate.dll","DropboxCrashHandler.exe","","","Sideloading"
"iepdf32.dll","C:\Program Files\Handy Viewer\iepdf32.dll","%PROGRAMFILES%\Handy Viewer\iepdf32.dll","hv.exe","C:\Program Files\Handy Viewer\hv.exe","%PROGRAMFILES%\Handy Viewer\hv.exe","Sideloading"
"krpt.dll","C:\Program Files\Kingsoft\WPS Office\%VERSION%\office6\krpt.dll","%PROGRAMFILES%\Kingsoft\WPS Office\%VERSION%\office6\krpt.dll","wpp.exe","C:\Program Files\Kingsoft\WPS Office\%VERSION%\office6\wpp.exe","%PROGRAMFILES%\Kingsoft\WPS Office\%VERSION%\office6\wpp.exe","Sideloading"
"libeay32.dll","C:\Program Files\PSPad editor\libeay32.dll","%PROGRAMFILES%\PSPad editor\libeay32.dll","PSPad.exe","C:\Program Files\PSPad editor\PSPad.exe","%PROGRAMFILES%\PSPad editor\PSPad.exe","Sideloading"
"ci.dll","C:\Program Files\Digiarty\WinX Blu-ray Decrypter\ci.dll","%PROGRAMFILES%\Digiarty\WinX Blu-ray Decrypter\ci.dll","WinX Blu-ray Decrypter.exe","C:\Program Files\Digiarty\WinX Blu-ray Decrypter\WinX Blu-ray Decrypter.exe","%PROGRAMFILES%\Digiarty\WinX Blu-ray Decrypter\WinX Blu-ray Decrypter.exe","Sideloading"
"vivaldi_elf.dll","C:\Users\<User>\AppData\Local\Vivaldi\Application\vivaldi_elf.dll","%LOCALAPPDATA%\Vivaldi\Application\vivaldi_elf.dll","vivaldi.exe","C:\Users\<User>\AppData\Local\Vivaldi\Application\vivaldi.exe","%LOCALAPPDATA%\Vivaldi\Application\vivaldi.exe","Sideloading"
"vivaldi_elf.dll","C:\Users\<User>\AppData\Local\Vivaldi\Application\%VERSION%\vivaldi_elf.dll","%LOCALAPPDATA%\Vivaldi\Application\%VERSION%\vivaldi_elf.dll","vivaldi.exe","C:\Users\<User>\AppData\Local\Vivaldi\Application\vivaldi.exe","%LOCALAPPDATA%\Vivaldi\Application\vivaldi.exe","Sideloading"
"vftrace.dll","C:\Program Files\CyberArk\Endpoint Privilege Manager\Agent\x32\vftrace.dll","%PROGRAMFILES%\CyberArk\Endpoint Privilege Manager\Agent\x32\vftrace.dll","vf_host.exe","","","Sideloading"
"vftrace.dll","C:\Program Files\CyberArk\Endpoint Privilege Manager\Agent\x64\vftrace.dll","%PROGRAMFILES%\CyberArk\Endpoint Privilege Manager\Agent\x64\vftrace.dll","vf_host.exe","","","Sideloading"
"vftrace.dll","C:\Program Files\CyberArk\Endpoint Privilege Manager\Agent\vftrace.dll","%PROGRAMFILES%\CyberArk\Endpoint Privilege Manager\Agent\vftrace.dll","vf_host.exe","","","Sideloading"
"mcutil.dll","C:\Program Files\McAfee Inc.\McAfee Total Protection 2009\mcutil.dll","%PROGRAMFILES%\McAfee Inc.\McAfee Total Protection 2009\mcutil.dll","mcoemcpy.exe","","","Sideloading"
"ashldres.dll","C:\Program Files\McAfee.com\VSO\ashldres.dll","%PROGRAMFILES%\McAfee.com\VSO\ashldres.dll","mcvsshld.exe","","","Sideloading"
"siteadv.dll","C:\Program Files\SiteAdvisor\%VERSION%\siteadv.dll","%PROGRAMFILES%\SiteAdvisor\%VERSION%\siteadv.dll","sideadv.exe","","","Sideloading"
"lockdown.dll","C:\Program Files\McAfee\VirusScan Enterprise\lockdown.dll","%PROGRAMFILES%\McAfee\VirusScan Enterprise\lockdown.dll","mfeann.exe","","","Sideloading"
"vsodscpl.dll","C:\Program Files\McAfee\VirusScan Enterprise\vsodscpl.dll","%PROGRAMFILES%\McAfee\VirusScan Enterprise\vsodscpl.dll","scncfg32.exe","","","Sideloading"
"mimetools.dll","C:\Program Files\Notepad++\plugins\mimetools.dll","%PROGRAMFILES%\Notepad++\plugins\mimetools.dll","notepad++.exe","C:\Program Files\Notepad++\notepad++.exe","%PROGRAMFILES%\Notepad++\notepad++.exe","Sideloading"
"mimetools.dll","C:\Program Files\Notepad++\plugins\mimetools\mimetools.dll","%PROGRAMFILES%\Notepad++\plugins\mimetools\mimetools.dll","notepad++.exe","C:\Program Files\Notepad++\notepad++.exe","%PROGRAMFILES%\Notepad++\notepad++.exe","Sideloading"
"facesdk.dll","C:\Program Files\luxand\facesdk\bin\win64\facesdk.dll","%PROGRAMFILES%\luxand\facesdk\bin\win64\facesdk.dll","FacialFeatureDemo.exe","C:\Program Files\luxand\facesdk\bin\win64\FacialFeatureDemo.exe","%PROGRAMFILES%\luxand\facesdk\bin\win64\FacialFeatureDemo.exe","Sideloading"
"opera_elf.dll","C:\Users\<User>\AppData\Local\programs\opera\%VERSION%\opera_elf.dll","%LOCALAPPDATA%\programs\opera\%VERSION%\opera_elf.dll","opera.exe","C:\Users\<User>\AppData\Local\programs\opera\%VERSION%\opera.exe","%LOCALAPPDATA%\programs\opera\%VERSION%\opera.exe","Sideloading"
"rtl120.dll","C:\Program Files\DualSafe Password Manager\rtl120.dll","%PROGRAMFILES%\DualSafe Password Manager\rtl120.dll","DPMInit.exe","C:\Program Files\DualSafe Password Manager\DPMInit.exe","%PROGRAMFILES%\DualSafe Password Manager\DPMInit.exe","Sideloading"
"webui.dll","C:\Program Files\iTop Screen Recorder\webui.dll","%PROGRAMFILES%\iTop Screen Recorder\webui.dll","iScrPaint.exe","C:\Program Files\iTop Screen Recorder\iScrPaint.exe","%PROGRAMFILES%\iTop Screen Recorder\iScrPaint.exe","Sideloading"
"qt5core.dll","C:\Program Files\Electronic Arts\EA Desktop\EA Desktop\qt5core.dll","%PROGRAMFILES%\Electronic Arts\EA Desktop\EA Desktop\qt5core.dll","EASteamProxy.exe","C:\Program Files\Electronic Arts\EA Desktop\EA Desktop\EASteamProxy.exe","%PROGRAMFILES%\Electronic Arts\EA Desktop\EA Desktop\EASteamProxy.exe","Sideloading"
"sqlite.dll","C:\Program Files\Adobe\Acrobat Reader DC\Reader\sqlite.dll","%PROGRAMFILES%\Adobe\Acrobat Reader DC\Reader\sqlite.dll","AcroBroker.exe","C:\Program Files\Adobe\Acrobat Reader DC\Reader\AcroBroker.exe","%PROGRAMFILES%\Adobe\Acrobat Reader DC\Reader\AcroBroker.exe","Sideloading"
"acrodistdll.dll","C:\Program Files\Adobe\Acrobat %VERSION%\Acrobat\acrodistdll.dll","%PROGRAMFILES%\Adobe\Acrobat %VERSION%\Acrobat\acrodistdll.dll","AcroDist.exe","C:\Program Files\Adobe\Acrobat %VERSION%\Acrobat\AcroDist.exe","%PROGRAMFILES%\Adobe\Acrobat %VERSION%\Acrobat\AcroDist.exe","Sideloading"
"ciscosparklauncher.dll","C:\Users\<User>\AppData\Local\CiscoSparkLauncher\ciscosparklauncher.dll","%LOCALAPPDATA%\CiscoSparkLauncher\ciscosparklauncher.dll","CiscoCollabHost.exe","","","Sideloading"
"wcldll.dll","C:\Program Files\Cisco Systems\Cisco Jabber\wcldll.dll","%PROGRAMFILES%\Cisco Systems\Cisco Jabber\wcldll.dll","ptInst.exe","C:\Program Files\Webex\Applications\ptInst.exe","%PROGRAMFILES%\Webex\Applications\ptInst.exe","Sideloading"
"wcldll.dll","C:\Program Files\Webex\Applications\wcldll.dll","%PROGRAMFILES%\Webex\Applications\wcldll.dll","ptInst.exe","C:\Program Files\Webex\Applications\ptInst.exe","%PROGRAMFILES%\Webex\Applications\ptInst.exe","Sideloading"
"wcldll.dll","C:\Program Files\Webex\Plugins\wcldll.dll","%PROGRAMFILES%\Webex\Plugins\wcldll.dll","ptInst.exe","C:\Program Files\Webex\Applications\ptInst.exe","%PROGRAMFILES%\Webex\Applications\ptInst.exe","Sideloading"
"classicexplorer32.dll","C:\Program Files\Classic Shell\classicexplorer32.dll","%PROGRAMFILES%\Classic Shell\classicexplorer32.dll","ClassicExplorerSettings.exe","","","Sideloading"
"classicexplorer32.dll","C:\Program Files\Open-Shell\classicexplorer32.dll","%PROGRAMFILES%\Open-Shell\classicexplorer32.dll","ClassicExplorerSettings.exe","","","Sideloading"
"hpqhvsei.dll","C:\Program Files\HP\hpqhvsei.dll","%PROGRAMFILES%\HP\hpqhvsei.dll","hpqhvind.exe","","","Sideloading"
"hpcustpartui.dll","C:\Program Files\HP\hpcustpartui.dll","%PROGRAMFILES%\HP\hpcustpartui.dll","HPCustParticUI.exe","","","Sideloading"
"ldvpocx.ocx","C:\Program Files\Symantec_Client_Security\Symantec AntiVirus\ldvpocx.ocx","%PROGRAMFILES%\Symantec_Client_Security\Symantec AntiVirus\ldvpocx.ocx","ldvpreg.exe","C:\Program Files\Symantec_Client_Security\Symantec AntiVirus\ldvpreg.exe","%PROGRAMFILES%\Symantec_Client_Security\Symantec AntiVirus\ldvpreg.exe","Sideloading"
"ldvpocx.ocx","C:\Program Files\Symantec AntiVirus\ldvpocx.ocx","%PROGRAMFILES%\Symantec AntiVirus\ldvpocx.ocx","ldvpreg.exe","C:\Program Files\Symantec_Client_Security\Symantec AntiVirus\ldvpreg.exe","%PROGRAMFILES%\Symantec_Client_Security\Symantec AntiVirus\ldvpreg.exe","Sideloading"
"rastls.dll","C:\Program Files\Symantec\Network Connected Devices Auto Setup\rastls.dll","%PROGRAMFILES%\Symantec\Network Connected Devices Auto Setup\rastls.dll","rastlsc.exe","C:\Program Files\Symantec\Network Connected Devices Auto Setup\rastlsc.exe","%PROGRAMFILES%\Symantec\Network Connected Devices Auto Setup\rastlsc.exe","Sideloading"
"libvlc.dll","C:\Program Files\VideoLAN\VLC\libvlc.dll","%PROGRAMFILES%\VideoLAN\VLC\libvlc.dll","vlc.exe","C:\Program Files\VideoLAN\VLC\vlc.exe","%PROGRAMFILES%\VideoLAN\VLC\vlc.exe","Sideloading"
"libvlccore.dll","C:\Program Files\VideoLAN\VLC\libvlccore.dll","%PROGRAMFILES%\VideoLAN\VLC\libvlccore.dll","vlc.exe","C:\Program Files\VideoLAN\VLC\vlc.exe","%PROGRAMFILES%\VideoLAN\VLC\vlc.exe","Sideloading"
"libcurl.dll","C:\Program Files\Notepad++\updater\libcurl.dll","%PROGRAMFILES%\Notepad++\updater\libcurl.dll","GUP.exe","C:\Program Files\Notepad++\updater\GUP.exe","%PROGRAMFILES%\Notepad++\updater\GUP.exe","Sideloading"
"keyscramblerie.dll","C:\Program Files\KeyScrambler\keyscramblerie.dll","%PROGRAMFILES%\KeyScrambler\keyscramblerie.dll","KeyScrambler.exe","C:\Program Files\KeyScrambler\KeyScrambler.exe","%PROGRAMFILES%\KeyScrambler\KeyScrambler.exe","Sideloading"
"libglib-2.0-0.dll","C:\Program Files\Wireshark\libglib-2.0-0.dll","%PROGRAMFILES%\Wireshark\libglib-2.0-0.dll","Mergecap.exe","C:\Program Files\Wireshark\Mergecap.exe","%PROGRAMFILES%\Wireshark\Mergecap.exe","Sideloading"
"libwsutil.dll","C:\Program Files\Wireshark\libwsutil.dll","%PROGRAMFILES%\Wireshark\libwsutil.dll","Mergecap.exe","C:\Program Files\Wireshark\Mergecap.exe","%PROGRAMFILES%\Wireshark\Mergecap.exe","Sideloading"
"vender.dll","C:\Program Files\ASUS\GPU TweakII\vender.dll","%PROGRAMFILES%\ASUS\GPU TweakII\vender.dll","ASUSGPUFanService.exe","C:\Program Files\ASUS\GPU TweakII\ASUSGPUFanService.exe","%PROGRAMFILES%\ASUS\GPU TweakII\ASUSGPUFanService.exe","Sideloading"
"vender.dll","C:\Program Files\ASUS\VGA COM\%VERSION%\vender.dll","%PROGRAMFILES%\ASUS\VGA COM\%VERSION%\vender.dll","ASUSGPUFanService.exe","C:\Program Files\ASUS\GPU TweakII\ASUSGPUFanService.exe","%PROGRAMFILES%\ASUS\GPU TweakII\ASUSGPUFanService.exe","Sideloading"
"asus_wmi.dll","C:\Program Files\ASUS\AXSP\%VERSION%\asus_wmi.dll","%PROGRAMFILES%\ASUS\AXSP\%VERSION%\asus_wmi.dll","atkexComSvc.exe","C:\Program Files\ASUS\AXSP\%VERSION%\atkexComSvc.exe","%PROGRAMFILES%\ASUS\AXSP\%VERSION%\atkexComSvc.exe","Sideloading"
"asio.dll","C:\Program Files\ASUS\AXSP\%VERSION%\asio.dll","%PROGRAMFILES%\ASUS\AXSP\%VERSION%\asio.dll","atkexComSvc.exe","C:\Program Files\ASUS\AXSP\4.02.12\atkexComSvc.exe","%PROGRAMFILES%\ASUS\AXSP\4.02.12\atkexComSvc.exe","Sideloading"
"unityplayer.dll","C:\Users\<User>\AppData\Local\Temp\%VERSION%\Windows\unityplayer.dll","%LOCALAPPDATA%\Temp\%VERSION%\Windows\unityplayer.dll","KingdomTwoCrowns.exe","","","Sideloading"
"glib-2.0.dll","C:\Program Files\VMware\VMware Tools\glib-2.0.dll","%PROGRAMFILES%\VMware\VMware Tools\glib-2.0.dll","VMwareXferlogs.exe","C:\Program Files\VMware\VMware Tools\VMwareXferlogs.exe","%PROGRAMFILES%\VMware\VMware Tools\VMwareXferlogs.exe","Sideloading"
"glib-2.0.dll","C:\Program Files\VMware\VMware Workstation\glib-2.0.dll","%PROGRAMFILES%\VMware\VMware Workstation\glib-2.0.dll","VMwareXferlogs.exe","C:\Program Files\VMware\VMware Tools\VMwareXferlogs.exe","%PROGRAMFILES%\VMware\VMware Tools\VMwareXferlogs.exe","Sideloading"
"glib-2.0.dll","C:\Program Files\VMware\VMware Player\glib-2.0.dll","%PROGRAMFILES%\VMware\VMware Player\glib-2.0.dll","VMwareXferlogs.exe","C:\Program Files\VMware\VMware Tools\VMwareXferlogs.exe","%PROGRAMFILES%\VMware\VMware Tools\VMwareXferlogs.exe","Sideloading"
"shfolder.dll","C:\Windows\System32\shfolder.dll","%SYSTEM32%\shfolder.dll","VMNat.exe","C:\Windows\System32\VMNat.exe","%SYSTEM32%\VMNat.exe","Sideloading"
"shfolder.dll","C:\Windows\SysWOW64\shfolder.dll","%SYSWOW64%\shfolder.dll","VMNat.exe","C:\Windows\System32\VMNat.exe","%SYSTEM32%\VMNat.exe","Sideloading"
"vmtools.dll","C:\Program Files\VMware\VMware Tools\vmtools.dll","%PROGRAMFILES%\VMware\VMware Tools\vmtools.dll","rvmSetup.exe","C:\Program Files\VMware\VMware Tools\rvmSetup.exe","%PROGRAMFILES%\VMware\VMware Tools\rvmSetup.exe","Sideloading"
"vmtools.dll","C:\Program Files\VMware\VMware Workstation\vmtools.dll","%PROGRAMFILES%\VMware\VMware Workstation\vmtools.dll","rvmSetup.exe","C:\Program Files\VMware\VMware Tools\rvmSetup.exe","%PROGRAMFILES%\VMware\VMware Tools\rvmSetup.exe","Sideloading"
"vmtools.dll","C:\Program Files\VMware\VMware Player\vmtools.dll","%PROGRAMFILES%\VMware\VMware Player\vmtools.dll","rvmSetup.exe","C:\Program Files\VMware\VMware Tools\rvmSetup.exe","%PROGRAMFILES%\VMware\VMware Tools\rvmSetup.exe","Sideloading"
"sqlite.dll","C:\Program Files\NetWorx\sqlite.dll","%PROGRAMFILES%\NetWorx\sqlite.dll","networx.exe","C:\Program Files\NetWorx\networx.exe","%PROGRAMFILES%\NetWorx\networx.exe","Sideloading"
"nvsmartmax.dll","C:\Program Files\NVIDIA Corporation\Display\nvsmartmax.dll","%PROGRAMFILES%\NVIDIA Corporation\Display\nvsmartmax.dll","nvSmartEx.exe","C:\Program Files\NVIDIA Corporation\Display\nvSmartEx.exe","%PROGRAMFILES%\NVIDIA Corporation\Display\nvSmartEx.exe","Sideloading"
"amindpdfcore.dll","C:\Program Files\GeekerPDF\GeekerPDF\amindpdfcore.dll","%PROGRAMFILES%\GeekerPDF\GeekerPDF\amindpdfcore.dll","GeekerPDF.exe","C:\Program Files\GeekerPDF\GeekerPDF\GeekerPDF.exe","%PROGRAMFILES%\GeekerPDF\GeekerPDF\GeekerPDF.exe","Sideloading"
"tmdbglog.dll","C:\Program Files\Trend Micro\Titanium\tmdbglog.dll","%PROGRAMFILES%\Trend Micro\Titanium\tmdbglog.dll","PtWatchDog.exe","","","Sideloading"
"rzlog4cpp_logger.dll","C:\Users\<User>\AppData\Local\razer\InGameEngine\cache\RzFpsApplet\rzlog4cpp_logger.dll","%LOCALAPPDATA%\razer\InGameEngine\cache\RzFpsApplet\rzlog4cpp_logger.dll","RzCefRenderProcess.exe","C:\Users\<User>\AppData\Local\razer\InGameEngine\cache\RzFpsApplet\RzCefRenderProcess.exe","%LOCALAPPDATA%\razer\InGameEngine\cache\RzFpsApplet\RzCefRenderProcess.exe","Sideloading"
"calibre-launcher.dll","C:\Program Files\Calibre2\calibre-launcher.dll","%PROGRAMFILES%\Calibre2\calibre-launcher.dll","calibre.exe","","","Sideloading"
"tpsvc.dll","C:\Program Files\VMWare\VMWare Tools\tpsvc.dll","%PROGRAMFILES%\VMWare\VMWare Tools\tpsvc.dll","TPAutoConnect.exe","","","Sideloading"
"tpsvc.dll","C:\Program Files\Common Files\ThinPrint\tpsvc.dll","%PROGRAMFILES%\Common Files\ThinPrint\tpsvc.dll","TPAutoConnect.exe","","","Sideloading"
"smadhook32c.dll","C:\Program Files\Smadav\smadhook32c.dll","%PROGRAMFILES%\Smadav\smadhook32c.dll","SmadHook.exe","C:\Program Files\Smadav\SmadHook.exe","%PROGRAMFILES%\Smadav\SmadHook.exe","Sideloading"
"basicnetutils.dll","C:\Users\<User>\AppData\Local\Temp\%VERSION%\Application2\basicnetutils.dll","%LOCALAPPDATA%\Temp\%VERSION%\Application2\basicnetutils.dll","XLGameUpdate.exe","C:\Users\<User>\AppData\Local\Temp\%VERSION%\Application2\XLGameUpdate.exe","%LOCALAPPDATA%\Temp\%VERSION%\Application2\XLGameUpdate.exe","Sideloading"
"basicnetutils.dll","C:\Program Files\BAIDU\BAIDUPINYIN\%VERSION%\basicnetutils.dll","%PROGRAMFILES%\BAIDU\BAIDUPINYIN\%VERSION%\basicnetutils.dll","XLGameUpdate.exe","C:\Users\<User>\AppData\Local\Temp\%VERSION%\Application2\XLGameUpdate.exe","%LOCALAPPDATA%\Temp\%VERSION%\Application2\XLGameUpdate.exe","Sideloading"
"safestore32.dll","C:\Program Files\Sophos\Sophos Anti-Virus\safestore32.dll","%PROGRAMFILES%\Sophos\Sophos Anti-Virus\safestore32.dll","ssr32.exe","C:\Program Files\Sophos\Sophos Anti-Virus\ssr32.exe","%PROGRAMFILES%\Sophos\Sophos Anti-Virus\ssr32.exe","Sideloading"
"atl71.dll","C:\Program Files\Common Files\Thunder Network\TP\%VERSION%\atl71.dll","%PROGRAMFILES%\Common Files\Thunder Network\TP\%VERSION%\atl71.dll","XLBugReport.exe","C:\Program Files\Common Files\Thunder Network\TP\%VERSION%\XLBugReport.exe","%PROGRAMFILES%\Common Files\Thunder Network\TP\%VERSION%\XLBugReport.exe","Sideloading"
"winutils.dll","C:\Program Files\Palo Alto Networks\Traps\winutils.dll","%PROGRAMFILES%\Palo Alto Networks\Traps\winutils.dll","cydump.exe","C:\Program Files\Palo Alto Networks\Traps\cydump.exe","%PROGRAMFILES%\Palo Alto Networks\Traps\cydump.exe","Sideloading"
"fnp_act_installer.dll","C:\Program Files\InstallShield\%VERSION%\System\fnp_act_installer.dll","%PROGRAMFILES%\InstallShield\%VERSION%\System\fnp_act_installer.dll","TSConfig.exe","C:\Program Files\InstallShield\%VERSION%\System\TSConfig.exe","%PROGRAMFILES%\InstallShield\%VERSION%\System\TSConfig.exe","Sideloading"
"log.dll","C:\Program Files\Bitdefender Antivirus Free\log.dll","%PROGRAMFILES%\Bitdefender Antivirus Free\log.dll","BDReinit.exe","C:\Program Files\Bitdefender Antivirus Free\BDReinit.exe","%PROGRAMFILES%\Bitdefender Antivirus Free\BDReinit.exe","Sideloading"
"wsc.dll","C:\Program Files\AVAST Software\Avast\wsc.dll","%PROGRAMFILES%\AVAST Software\Avast\wsc.dll","wsc_proxy.exe","","","Search Order"
"vboxrt.dll","C:\Program Files\Oracle\VirtualBox\vboxrt.dll","%PROGRAMFILES%\Oracle\VirtualBox\vboxrt.dll","VBoxSVC.exe","C:\Program Files\Oracle\VirtualBox\VBoxSVC.exe","%PROGRAMFILES%\Oracle\VirtualBox\VBoxSVC.exe","Sideloading"
"qtcorevbox4.dll","C:\Program Files\Oracle\VirtualBox\qtcorevbox4.dll","%PROGRAMFILES%\Oracle\VirtualBox\qtcorevbox4.dll","VBoxTestOGL.exe","C:\Program Files\Oracle\VirtualBox\VBoxTestOGL.exe","%PROGRAMFILES%\Oracle\VirtualBox\VBoxTestOGL.exe","Sideloading"
"chrome_frame_helper.dll","C:\Users\<User>\AppData\Local\Google\Chrome\Application\chrome_frame_helper.dll","%LOCALAPPDATA%\Google\Chrome\Application\chrome_frame_helper.dll","chrome_frame_helper.exe","","","Sideloading"
"chrome_frame_helper.dll","C:\Program Files\Google\Chrome\Application\chrome_frame_helper.dll","%PROGRAMFILES%\Google\Chrome\Application\chrome_frame_helper.dll","chrome_frame_helper.exe","","","Sideloading"
"vntfxf32.dll","C:\Program Files\Venta\VentaFax & Voice\vntfxf32.dll","%PROGRAMFILES%\Venta\VentaFax & Voice\vntfxf32.dll","spoololk.exe","C:\Program Files\Venta\VentaFax & Voice\spoololk.exe","%PROGRAMFILES%\Venta\VentaFax & Voice\spoololk.exe","Sideloading"
"lmiguardiandll.dll","C:\Program Files\LogMeIn\lmiguardiandll.dll","%PROGRAMFILES%\LogMeIn\lmiguardiandll.dll","LMIGuardianSvc.exe","","","Sideloading"
"lmiguardiandll.dll","C:\Program Files\LogMeIn\x86\lmiguardiandll.dll","%PROGRAMFILES%\LogMeIn\x86\lmiguardiandll.dll","LMIGuardianSvc.exe","","","Sideloading"
"lmiguardiandll.dll","C:\Program Files\LogMeIn\x64\lmiguardiandll.dll","%PROGRAMFILES%\LogMeIn\x64\lmiguardiandll.dll","LMIGuardianSvc.exe","","","Sideloading"
"qrt.dll","C:\Program Files\F-Secure\Anti-Virus\qrt.dll","%PROGRAMFILES%\F-Secure\Anti-Virus\qrt.dll","qrtfix.exe","","","Sideloading"
"mozglue.dll","C:\Program Files\SeaMonkey\mozglue.dll","%PROGRAMFILES%\SeaMonkey\mozglue.dll","seamonkey.exe","C:\Program Files\SeaMonkey\seamonkey.exe","%PROGRAMFILES%\SeaMonkey\seamonkey.exe","Sideloading"
"mozglue.dll","C:\Program Files\Mozilla Firefox\mozglue.dll","%PROGRAMFILES%\Mozilla Firefox\mozglue.dll","seamonkey.exe","C:\Program Files\SeaMonkey\seamonkey.exe","%PROGRAMFILES%\SeaMonkey\seamonkey.exe","Sideloading"
"mozglue.dll","C:\Program Files\Mozilla Thunderbird\mozglue.dll","%PROGRAMFILES%\Mozilla Thunderbird\mozglue.dll","seamonkey.exe","C:\Program Files\SeaMonkey\seamonkey.exe","%PROGRAMFILES%\SeaMonkey\seamonkey.exe","Sideloading"
"badata_x64.dll","C:\Program Files\True Burner\badata_x64.dll","%PROGRAMFILES%\True Burner\badata_x64.dll","TrueBurner.exe","C:\Program Files\True Burner\TrueBurner.exe","%PROGRAMFILES%\True Burner\TrueBurner.exe","Sideloading"
"zlibwapi.dll","C:\Program Files\DS Clock\zlibwapi.dll","%PROGRAMFILES%\DS Clock\zlibwapi.dll","dsclock.exe","C:\Program Files\DS Clock\dsclock.exe","%PROGRAMFILES%\DS Clock\dsclock.exe","Sideloading"
"liteskinutils.dll","C:\Program Files\ICQLite\liteskinutils.dll","%PROGRAMFILES%\ICQLite\liteskinutils.dll","ICQLite.exe","C:\Program Files\ICQLite\ICQLite.exe","%PROGRAMFILES%\ICQLite\ICQLite.exe","Sideloading"
"skinutils.dll","C:\Program Files\ICQLite\skinutils.dll","%PROGRAMFILES%\ICQLite\skinutils.dll","ICQLite.exe","C:\Program Files\ICQLite\ICQLite.exe","%PROGRAMFILES%\ICQLite\ICQLite.exe","Sideloading"
"commfunc.dll","C:\Program Files\Lenovo\Communications Utility\commfunc.dll","%PROGRAMFILES%\Lenovo\Communications Utility\commfunc.dll","cammute.exe","","","Sideloading"
"mediainfo_i386.dll","C:\Program Files\MediaInfo\mediainfo_i386.dll","%PROGRAMFILES%\MediaInfo\mediainfo_i386.dll","MediaInfo.exe","C:\Program Files\MediaInfo\MediaInfo.exe","%PROGRAMFILES%\MediaInfo\MediaInfo.exe","Sideloading"
